{
  "evaluation_timestamp": "2025-10-03T09:31:00.995099",
  "model_info": {
    "model_type": "VITS",
    "language": "Uzbek",
    "optimization": "RTX 4090"
  },
  "summary_metrics": {
    "mcd_scores_mean": 368.3692153930664,
    "mcd_scores_std": 82.77523094366057,
    "mcd_scores_min": 270.53143310546875,
    "mcd_scores_max": 549.2443237304688,
    "mcd_scores_count": 20,
    "pesq_scores_mean": 1.0653249323368073,
    "pesq_scores_std": 0.05665295350699977,
    "pesq_scores_min": 1.0273237228393555,
    "pesq_scores_max": 1.2545782327651978,
    "pesq_scores_count": 20,
    "stoi_scores_mean": 0.1834613884833106,
    "stoi_scores_std": 0.08536995096675082,
    "stoi_scores_min": -0.04110559667282177,
    "stoi_scores_max": 0.30240691514765966,
    "stoi_scores_count": 20,
    "wer_scores_mean": 1.2182142857142857,
    "wer_scores_std": 0.3503822620964661,
    "wer_scores_min": 1.0,
    "wer_scores_max": 2.4,
    "wer_scores_count": 20,
    "rtf_scores_mean": 0.0192176907751759,
    "rtf_scores_std": 0.020933763988792282,
    "rtf_scores_min": 0.007234925433089601,
    "rtf_scores_max": 0.10224244703286449,
    "rtf_scores_count": 20,
    "inference_times_mean": 0.11020848751068116,
    "inference_times_std": 0.14314076657731026,
    "inference_times_min": 0.05922126770019531,
    "inference_times_max": 0.6967880725860596,
    "inference_times_count": 20,
    "audio_durations_mean": 5.615165532879819,
    "audio_durations_std": 1.2584180493130097,
    "audio_durations_min": 3.6687528344671203,
    "audio_durations_max": 8.231473922902495,
    "audio_durations_count": 20
  },
  "detailed_results": {
    "mcd_scores": [
      270.53143310546875,
      298.2546691894531,
      371.1992492675781,
      277.84063720703125,
      356.7821960449219,
      416.4908447265625,
      324.5046081542969,
      530.9796142578125,
      367.55242919921875,
      357.9776611328125,
      291.0405578613281,
      549.2443237304688,
      324.6454162597656,
      293.39617919921875,
      419.6119079589844,
      387.66107177734375,
      505.6045227050781,
      289.9683837890625,
      299.1955261230469,
      434.903076171875
    ],
    "pesq_scores": [
      1.0417050123214722,
      1.1016792058944702,
      1.0273237228393555,
      1.2545782327651978,
      1.0276814699172974,
      1.0542309284210205,
      1.154573917388916,
      1.0523788928985596,
      1.0324995517730713,
      1.039316177368164,
      1.0367733240127563,
      1.0329686403274536,
      1.1475365161895752,
      1.0777405500411987,
      1.0382529497146606,
      1.0286344289779663,
      1.0416028499603271,
      1.0345120429992676,
      1.034231185913086,
      1.048279047012329
    ],
    "stoi_scores": [
      0.132359934254119,
      0.20876336549470456,
      0.11894840376501467,
      0.19214171130349897,
      0.2933490306460592,
      0.08952575647380169,
      0.18951952160663027,
      0.2858431996279008,
      0.2603583220221296,
      0.14413550119618382,
      0.1860403562369245,
      0.28087554547931304,
      0.2344549116919613,
      -0.04110559667282177,
      0.19942936252429327,
      0.2006912515185203,
      0.03513895083561979,
      0.17069213017205911,
      0.30240691514765966,
      0.18565919634264008
    ],
    "wer_scores": [
      1.0,
      1.25,
      2.4,
      1.0,
      1.5,
      1.5,
      1.0,
      1.5,
      1.0,
      1.0,
      1.7142857142857142,
      1.0,
      1.0,
      1.0,
      1.25,
      1.0,
      1.25,
      1.0,
      1.0,
      1.0
    ],
    "rtf_scores": [
      0.10224244703286449,
      0.041176668291652126,
      0.038780840434904755,
      0.016377305146306753,
      0.011610152880446268,
      0.011126753183659807,
      0.01289188459684903,
      0.013386423233896494,
      0.010963766618200546,
      0.011358771692304051,
      0.012008185297156035,
      0.007234925433089601,
      0.014746716049940963,
      0.01456343814871221,
      0.011428554716985673,
      0.008990005135717915,
      0.012868324533925144,
      0.00943619137008985,
      0.014409306064500648,
      0.0087531556423157
    ],
    "inference_times": [
      0.6967880725860596,
      0.15106701850891113,
      0.2741990089416504,
      0.0684504508972168,
      0.06308341026306152,
      0.07492518424987793,
      0.05927109718322754,
      0.060923099517822266,
      0.06542658805847168,
      0.060530662536621094,
      0.06580376625061035,
      0.059554100036621094,
      0.06831240653991699,
      0.0627291202545166,
      0.059442996978759766,
      0.05991053581237793,
      0.0651388168334961,
      0.06211709976196289,
      0.05922126770019531,
      0.0672750473022461
    ],
    "audio_durations": [
      6.815056689342404,
      3.6687528344671203,
      7.070476190476191,
      4.179591836734694,
      5.433469387755102,
      6.733786848072563,
      4.597551020408163,
      4.551111111111111,
      5.9675283446712015,
      5.328979591836735,
      5.479909297052155,
      8.231473922902495,
      4.632380952380952,
      4.307301587301588,
      5.201269841269841,
      6.664126984126984,
      5.061950113378685,
      6.582857142857143,
      4.1099319727891155,
      7.685804988662132
    ]
  }
}